id,first_name,last_name,gender,age,height,country,balance,job
1,Arlana,Grief,Female,45,0.16,Argentina,643754.58,Librarian
2,Grethel,Harrod,Female,105,1.73,Brazil,479360.77,Web Developer II
3,Glendon,Patis,Male,88,0.13,China,667788.74,Budget/Accounting Analyst IV
4,Andonis,Hallewell,Male,107,1.07,Finland,890018.7,Senior Developer
5,Amii,Jurzyk,Female,45,0.44,Vietnam,374309.71,Financial Advisor
6,Sayers,Pritchett,Male,116,1.59,Mali,891885.45,Product Engineer
7,Nanci,Potten,Female,17,1.07,Honduras,447646.44,Account Coordinator
8,Shel,Jurczak,Female,30,1.04,China,530586.47,Staff Accountant IV
9,Dulsea,Durtnall,Female,103,1.78,China,256185.16,Graphic Designer
10,Lorianna,Tapsfield,Female,55,0.4,Cuba,933069.94,General Manager
11,Yancy,Rhubottom,Male,97,1.64,Jamaica,1242.6,Teacher
12,Pavel,Inkles,Male,56,2.01,New Caledonia,282370.33,Operator
13,Mirilla,Russo,Female,72,0.06,Indonesia,667487.32,Software Engineer IV
14,Muffin,Chipp,Female,16,1.39,Poland,70089.04,Paralegal
15,Eziechiele,Gianelli,Male,9,0.28,Philippines,737546.67,Marketing Assistant
16,Ingemar,Whitebread,Male,27,0.62,Brazil,353524.62,Librarian
17,Stanislas,Hysom,Male,115,1.78,United States,8538.91,VP Accounting
18,Olly,Laste,Female,54,0.64,Poland,446455.17,Nurse
19,Charley,Phizackarley,Male,118,0.59,China,389489.6,Recruiting Manager
20,Adara,Sebring,Female,54,1.15,Indonesia,56112.74,Librarian
21,Thornton,O'Cahey,Male,23,1.24,Portugal,21598.93,Associate Professor
22,Cicely,Jickells,Female,93,0.33,Brazil,90912.37,Marketing Manager
23,Kimberlyn,O'Driscole,Female,64,2.09,Portugal,66148.82,Recruiting Manager
24,Matthus,Boscott,Male,50,2.1,Nigeria,918610.57,Staff Accountant I
25,Erin,De Simone,Male,33,1.52,Greece,106315.96,Electrical Engineer
26,Cele,Pudsall,Female,63,1.53,Ivory Coast,71847.72,Operator
27,Hodge,Whardley,Male,97,1.23,Sweden,164012.54,Analog Circuit Design manager
28,Mirna,Dagleas,Female,27,0.13,Indonesia,387815.08,Editor
29,Gray,Pargetter,Male,37,1.92,Russia,287068.89,Media Manager IV
30,Edith,Macauley,Female,116,1.2,Indonesia,569535.65,VP Accounting
31,Hugibert,Davidsohn,Male,37,0.58,Portugal,985970.18,Design Engineer
32,Ara,Halifax,Female,48,1.89,China,447671.04,Nurse Practicioner
33,Nady,Borles,Female,66,0.62,Morocco,420789.26,Senior Quality Engineer
34,Wakefield,Korbmaker,Male,13,1.65,United States,292246.48,Internal Auditor
35,Nancy,Halpen,Female,75,1.02,Spain,524221.18,Editor
36,Christal,Corry,Female,1,0.85,Indonesia,834607.94,Structural Engineer
37,Bibbye,Cunniff,Female,24,2.11,Russia,992785.89,Human Resources Assistant II
38,Roberto,Fancutt,Male,25,0.61,United States,436502.41,Geologist IV
39,Loreen,Packham,Female,68,0.21,Russia,202143.58,Database Administrator I
40,Terence,Coey,Male,100,1.4,Russia,707912.86,Occupational Therapist
41,Maureene,Bridat,Female,79,1.05,Kazakhstan,406751.86,Nuclear Power Engineer
42,Kerrie,Chinn,Female,75,1.17,Malaysia,893021.95,Community Outreach Specialist
43,Evin,Blewis,Male,6,1.68,Indonesia,683690.97,Quality Engineer
44,Emmet,Collocott,Male,69,1.99,China,911143.84,Senior Sales Associate
45,Eugenie,Euplate,Female,112,1.75,Portugal,906907.52,Financial Analyst
46,Chauncey,Dye,Male,108,0.87,Philippines,386354.39,VP Sales
47,Bethany,Plessing,Female,66,0.12,Indonesia,548199.55,Programmer II
48,Shellysheldon,Leupoldt,Male,29,0.8,China,681968.51,Geological Engineer
49,Martie,Megarry,Female,107,2.11,Colombia,637391.45,Marketing Assistant
50,Celisse,Muslim,Female,83,0.89,Japan,205826.1,Data Coordinator
51,Hewet,Laflin,Male,56,0.05,China,251541.28,VP Accounting
52,Tate,Clyma,Female,39,1.98,Russia,124476.7,Staff Accountant I
53,Anderea,Herity,Female,3,0.81,Mexico,237493.26,Nurse Practicioner
54,Aubrey,Yurkiewicz,Female,117,1.67,South Korea,655599.64,Web Designer III
55,Micheline,Kimblin,Female,35,1.52,China,2551.01,Structural Engineer
56,Alejoa,Moppett,Male,54,0.71,Canada,196857.69,Physical Therapy Assistant
57,Benjamin,Domleo,Male,113,2.09,Ukraine,403630.75,Senior Editor
58,Tresa,Haglinton,Female,25,1.92,China,535586.19,Automation Specialist I
59,Lona,Lennie,Female,70,1.3,China,615.24,Budget/Accounting Analyst III
60,Berk,Clamo,Male,43,1.52,Thailand,159080.94,Registered Nurse
61,Jeniffer,Fyldes,Female,23,0.83,Sweden,313623.19,Pharmacist
62,Shantee,Fogel,Female,27,1.02,France,396292.27,Clinical Specialist
63,Kenny,McKerley,Male,27,1.62,China,189653.2,Geological Engineer
64,Agnese,Kemmish,Female,6,1.38,Russia,518879.96,Sales Associate
65,Abeu,Gellately,Male,71,0.46,China,434823.66,Executive Secretary
66,Noella,Tuff,Female,106,0.06,Spain,855786.44,Engineer I
67,Amalia,Attenburrow,Female,117,0.22,Indonesia,732120.73,Senior Editor
68,Elisabet,Parcell,Female,68,2.17,Greenland,923562.16,Clinical Specialist
69,Valaria,McLuckie,Female,25,1.48,Poland,601347.03,Nuclear Power Engineer
70,Elliot,Monelli,Male,30,1.57,China,303925.6,Administrative Officer
71,Venus,Medendorp,Female,120,0.87,China,769613.14,Sales Representative
72,Melisa,Trouel,Female,44,0.51,China,224642.18,Desktop Support Technician
73,Ulrike,Sheerin,Female,0,0.51,Portugal,911149.74,Physical Therapy Assistant
74,Camel,Mennell,Female,49,1.28,Democratic Republic of the Congo,156837.15,Actuary
75,Janeczka,Testro,Female,108,1.85,Brazil,681190.76,Developer III
76,Joyous,Sollon,Female,79,0.7,Finland,960875.25,Associate Professor
77,Vikky,Pummery,Female,97,0.95,China,221838.6,Research Assistant III
78,Fulvia,Greig,Female,18,0.99,Niger,200558.23,Administrative Officer
79,Leicester,Dooland,Male,29,0.63,Argentina,458916.1,Professor
80,Teddy,Tallis,Female,8,1.13,China,525677.94,Quality Engineer
81,Hillyer,Sedgeworth,Male,12,1.13,Poland,284245.84,Community Outreach Specialist
82,Lovell,Bassham,Male,108,0.66,Portugal,509263.61,Accountant III
83,Deana,Merigeau,Female,46,1.48,Slovenia,123312.35,VP Marketing
84,Cymbre,Cosin,Female,79,0.44,Philippines,556175.28,Food Chemist
85,Moina,Cowdrey,Female,104,1.01,Iraq,357879.95,Graphic Designer
86,Fayth,Look,Female,29,1.23,China,351896.72,Assistant Media Planner
87,Fern,Burk,Female,51,0.72,New Caledonia,128322.21,Web Designer III
88,Karissa,Antao,Female,48,0.7,Sweden,887305.99,Assistant Professor
89,Debor,Chiommienti,Female,98,0.33,Libya,879150.6,Nurse Practicioner
90,Fabio,Savile,Male,102,0.72,Ivory Coast,780503.46,Assistant Manager
91,Bevan,Wrathmell,Male,50,0.49,Thailand,383150.11,Web Designer IV
92,Alvie,Cleiment,Male,44,1.16,Indonesia,489116.35,Senior Developer
93,Stephana,Moresby,Female,73,1.38,China,845181.94,Senior Editor
94,Urson,Lackney,Male,103,0.22,United States,563562.6,Senior Quality Engineer
95,Latashia,Spacey,Female,99,2.02,Thailand,975331.99,Engineer I
96,Micky,Fretter,Female,14,0.28,Brazil,34544.58,Account Executive
97,Sasha,Giacomi,Female,5,0.5,Madagascar,999558.38,Assistant Professor
98,Barret,Graalmans,Male,34,0.89,Libya,86936.91,Actuary
99,Odelinda,Grundon,Female,34,1.91,Iran,215374.33,Project Manager
100,Isidor,Wastling,Male,70,0.46,Ukraine,828115.9,Research Associate
101,Garvin,Dayes,Male,101,1.39,China,879949.23,Recruiting Manager
102,Keslie,Simone,Female,66,0.75,Indonesia,424007.05,Sales Associate
103,Berti,MacCague,Male,6,1.81,Russia,883663.15,Research Associate
104,Albrecht,Dullard,Male,2,0.5,Indonesia,444613.82,Administrative Officer
105,Mela,Slixby,Female,83,2.04,Argentina,323596.06,VP Sales
106,Marcelia,Piscopiello,Female,1,0.4,Philippines,572386.21,Chief Design Engineer
107,Barn,Cumberlidge,Male,120,1.87,Poland,910753.3,Marketing Manager
108,Frederik,Foldes,Male,115,0.59,Lithuania,175207.64,Paralegal
109,Dmitri,Goulstone,Male,70,2.12,China,204038.91,Food Chemist
110,Si,Kyle,Male,59,2.14,France,878526.19,Recruiter
111,Lockwood,Coghlin,Male,93,0.82,Colombia,1238.13,Systems Administrator II
112,Kendre,Gerry,Female,18,0.25,Colombia,687037.72,Payment Adjustment Coordinator
113,Gilberto,Gawen,Male,7,1.3,Sweden,498718.15,Health Coach III
114,Marin,Giovannazzi,Female,48,0.87,Czech Republic,256683.23,Sales Representative
115,Alvie,Alphege,Male,48,0.46,China,788436.68,Sales Representative
116,Taffy,Audas,Female,73,1.4,South Africa,946991.85,Cost Accountant
117,Brucie,Camfield,Male,59,1.36,Colombia,56502.68,Senior Sales Associate
118,Leshia,Oakeshott,Female,105,0.24,Japan,297763.64,Financial Advisor
119,Alexandre,Addicote,Male,64,1.9,Slovenia,950023.9,Human Resources Assistant III
120,Barrie,Nuccitelli,Male,0,2.2,Indonesia,567669.38,Technical Writer
121,Birk,Summerill,Male,105,0.24,South Korea,961320.69,Pharmacist
122,Neville,Malkinson,Male,81,0.87,Argentina,810407.5,Accountant II
123,Leonore,Parman,Female,30,0.63,Indonesia,667293.1,Web Developer III
124,Baldwin,Larver,Male,5,0.45,Jordan,28524.62,Electrical Engineer
125,Elisabetta,Binton,Female,80,0.31,China,206465.08,Financial Advisor
126,Lesley,Hinckes,Female,11,1.65,Indonesia,188841.48,Product Engineer
127,Raoul,Petz,Male,57,1.26,China,908675.8,Safety Technician II
128,Jenny,Skehan,Female,72,1.39,Ukraine,550577.6,VP Marketing
129,Haywood,Reinard,Male,14,0.21,Russia,102152.88,Account Executive
130,Allayne,Bustin,Male,103,0.63,China,271162.0,Financial Analyst
131,Dael,Hiddsley,Male,31,0.37,Palestinian Territory,123955.48,Sales Associate
132,Alexandr,Chadwyck,Male,6,1.57,Russia,499170.51,Human Resources Manager
133,Agnese,Gaitone,Female,106,1.19,Costa Rica,560175.11,Internal Auditor
134,Carlyn,Sparham,Female,96,1.02,Indonesia,655766.99,Financial Analyst
135,Nataniel,Izhak,Male,66,1.91,China,362237.72,Graphic Designer
136,Felicity,Larsen,Female,115,1.02,China,59628.44,Actuary
137,Stephani,Sharrem,Female,11,0.46,Albania,916417.85,Assistant Manager
138,Denny,Batters,Male,10,0.89,Poland,717738.69,Computer Systems Analyst I
139,Gwennie,Warboys,Female,22,1.82,Indonesia,212583.92,Staff Scientist
140,Lisbeth,McNaught,Female,57,1.58,Panama,86721.84,Staff Accountant II
141,Donovan,Kittles,Male,67,1.88,Sweden,62121.97,Editor
142,Wren,Kynder,Female,16,0.12,United States,183107.06,Help Desk Technician
143,Maurizia,Farington,Female,21,2.19,Argentina,981000.46,Dental Hygienist
144,Odo,Davidovics,Male,22,2.15,Poland,411047.13,Geologist I
145,Jaye,Ranscombe,Male,69,1.39,Taiwan,750829.23,Product Engineer
146,Teddy,Dyball,Female,113,1.76,Greece,488095.21,Junior Executive
147,Gwyn,Galton,Female,39,2.04,United Kingdom,693420.2,Geologist II
148,Augusto,Brunning,Male,6,1.96,Lithuania,685227.03,Mechanical Systems Engineer
149,Bennie,Colleford,Female,21,1.2,Poland,838969.59,GIS Technical Architect
150,Eolanda,Menichino,Female,32,1.88,Ecuador,805426.62,Environmental Specialist
151,Rivi,Ivanisov,Female,14,0.08,Malaysia,674755.11,Chief Design Engineer
152,Hayward,Mulford,Male,19,1.61,China,678638.58,Software Engineer II
153,Merna,Carlyle,Female,82,2.12,Indonesia,734398.74,Senior Financial Analyst
154,Saundra,Sooper,Male,3,0.73,Indonesia,606575.77,Occupational Therapist
155,Davin,Cawse,Male,93,1.23,Madagascar,454647.11,Compensation Analyst
156,Doti,O'Keenan,Female,79,0.04,Mexico,833214.28,Software Test Engineer II
157,Pamela,Frusher,Female,29,1.44,Pakistan,310782.35,Software Engineer I
158,Adelaide,Dobbison,Female,68,0.02,Sweden,690134.45,Staff Scientist
159,Robbi,Eykelbosch,Female,63,1.87,Nicaragua,89982.5,Director of Sales
160,Amy,Cownden,Female,114,0.67,Greece,424366.86,Data Coordinator
161,Freeland,Thornborrow,Male,40,1.57,Germany,849340.26,Registered Nurse
162,Toby,Gisby,Male,13,1.58,Portugal,648219.48,Internal Auditor
163,Marieann,Quantick,Female,41,0.24,Pakistan,478055.3,Operator
164,Yorke,Shilstone,Male,65,0.07,Venezuela,837212.58,Environmental Tech
165,Martguerita,Greenhalgh,Female,91,0.74,China,73728.54,Assistant Professor
166,Averell,Treagus,Male,100,1.75,China,377828.27,Software Engineer I
167,Loraine,Astlett,Female,80,2.13,Poland,284989.1,Junior Executive
168,Daryn,Kort,Female,53,1.83,United States,707379.66,Technical Writer
169,Pen,Panter,Male,34,1.84,Ethiopia,3685.73,Executive Secretary
170,Rebbecca,Shanks,Female,1,0.14,Russia,249261.64,Marketing Manager
171,Cicely,Chadwick,Female,63,1.99,China,138028.71,Accounting Assistant IV
172,Elnar,Bakeup,Male,37,0.54,Argentina,176876.33,Civil Engineer
173,Kele,Chardin,Male,43,1.01,China,500743.42,Sales Associate
174,Trace,Bester,Male,57,1.83,Indonesia,765588.23,Help Desk Operator
175,Farley,Andor,Male,2,2.15,Peru,72860.6,Web Designer IV
176,Lonny,Cyson,Male,63,1.59,China,843314.07,Tax Accountant
177,Etheline,McAndrew,Female,100,1.75,Sweden,806848.47,Senior Quality Engineer
178,Sauncho,Gregs,Male,33,1.39,Greece,731550.08,Quality Control Specialist
179,Aguie,Tipperton,Male,95,1.94,Kazakhstan,399602.4,Assistant Media Planner
180,Salaidh,Dockrell,Female,42,0.86,Djibouti,186973.42,Accountant I
181,Bliss,Hedan,Female,120,1.03,Indonesia,512582.04,Engineer III
182,Mychal,Sigg,Male,40,0.93,Ethiopia,734110.88,VP Sales
183,Cesar,Asif,Male,13,0.3,China,2404.0,Design Engineer
184,Jenna,Server,Female,84,1.42,Russia,731829.06,Editor
185,Elaina,Seeney,Female,53,0.03,Portugal,745542.76,Recruiting Manager
186,Jan,Minihane,Male,74,1.36,Croatia,973865.99,Administrative Assistant III
187,Arie,Baptista,Male,5,0.3,Russia,392689.71,Tax Accountant
188,Shea,Phillipson,Male,64,1.85,Sweden,434087.12,Account Executive
189,Astrix,Phelit,Female,58,1.0,Indonesia,287304.25,Occupational Therapist
190,Niall,Artois,Male,91,0.09,Egypt,89387.18,Nurse
191,Jaimie,Robic,Male,35,2.03,Bosnia and Herzegovina,302168.52,Statistician I
192,Eddie,Pickaver,Female,107,0.32,Canada,810135.41,Financial Advisor
193,Brande,Clutton,Female,4,1.99,Canada,475662.28,Analyst Programmer
194,Karlan,Moggan,Male,6,2.07,Iran,784331.38,Software Engineer I
195,Ingrim,Obee,Male,16,0.84,Poland,649547.17,Account Coordinator
196,Neilla,Hargie,Female,99,0.95,Indonesia,36735.43,Social Worker
197,Napoleon,Robottom,Male,1,0.89,United States,465813.95,Chief Design Engineer
198,Edythe,Cherry,Female,76,1.11,Colombia,934541.12,Sales Representative
199,Anastasie,Fairholme,Female,16,1.19,China,40320.23,Programmer Analyst I
200,Lula,Mathissen,Female,71,1.28,Brazil,843884.32,Compensation Analyst
201,Baxie,Maccrie,Male,35,0.84,Philippines,262769.49,Administrative Assistant II
202,Zola,Pirkis,Female,77,1.77,Peru,802812.27,Business Systems Development Analyst
203,Joline,Tapply,Female,43,0.83,China,667392.62,Occupational Therapist
204,Hana,Ellick,Female,114,1.65,Finland,678362.34,Health Coach III
205,Armin,Horsell,Male,99,1.37,China,728825.35,Staff Accountant II
206,Gillian,Goodread,Female,96,1.91,France,254501.93,Help Desk Technician
207,Boycey,Dicty,Male,90,0.45,Finland,699679.81,Health Coach II
208,Mercedes,Kennerknecht,Female,0,1.64,Kazakhstan,281512.26,Editor
209,Tobe,Stiegers,Female,61,1.34,Philippines,185554.8,Cost Accountant
210,Jorey,Jannex,Female,93,1.05,Aland Islands,933868.3,Chemical Engineer
211,Oona,Aizikowitz,Female,70,0.88,China,613012.82,Assistant Professor
212,Even,Baggaley,Male,51,0.25,Indonesia,741689.75,Health Coach II
213,Otto,Prangnell,Male,78,0.67,Kazakhstan,815834.97,Teacher
214,Callida,Seares,Female,41,0.4,Suriname,116830.4,Desktop Support Technician
215,Carol,Simonetti,Female,84,1.25,Czech Republic,157131.33,Chemical Engineer
216,Lonee,Sandwith,Female,31,0.06,China,303696.68,Product Engineer
217,Mikel,Dils,Male,90,1.41,Greece,936569.23,Senior Sales Associate
218,Lyndel,Freed,Female,94,0.64,Sweden,399874.31,Internal Auditor
219,Esdras,Goodliff,Male,22,1.53,Russia,215818.66,Environmental Tech
220,Giffie,Sommerling,Male,26,1.56,Portugal,678518.06,Biostatistician I
221,Marline,Blackey,Female,83,2.05,Philippines,571050.58,Pharmacist
222,Jonas,Oldnall,Male,107,1.84,Denmark,352467.78,Actuary
223,Bartie,Balding,Male,100,0.03,Brazil,197350.37,Research Assistant I
224,Gibby,Brimley,Male,82,0.5,Brazil,893324.34,Computer Systems Analyst III
225,Giulietta,Duke,Female,19,0.57,Russia,743608.02,Structural Engineer
226,Frants,Rominov,Male,97,2.07,China,647961.21,Financial Advisor
227,Odelinda,Bettis,Female,61,1.05,Honduras,527734.72,Assistant Professor
228,Walsh,Gittoes,Male,20,1.61,Thailand,588615.99,Recruiting Manager
229,Kurtis,Janton,Male,118,2.18,Russia,553578.37,Staff Accountant I
230,Conni,Hulstrom,Female,2,0.91,Pakistan,784088.6,Statistician IV
231,Skippie,Cinavas,Male,13,0.83,Guatemala,199594.72,VP Quality Control
232,Riane,Bartolozzi,Female,14,0.61,Bulgaria,260415.21,Administrative Officer
233,Westley,Eakins,Male,14,1.15,Egypt,538835.62,Media Manager III
234,Pippa,Picardo,Female,83,1.76,Portugal,96898.31,Chemical Engineer
235,Conny,Adamolli,Male,72,0.55,Uzbekistan,920937.54,Food Chemist
236,Decca,Vango,Male,48,1.51,Canada,613301.6,Financial Analyst
237,Violante,Hunnicot,Female,22,0.83,New Zealand,115855.32,Dental Hygienist
238,Sibby,Penk,Female,110,1.24,Indonesia,481990.05,Chief Design Engineer
239,Allyn,Goede,Male,49,1.56,Brazil,288261.87,Marketing Assistant
240,Marin,Bendan,Female,8,1.7,Indonesia,351679.39,Marketing Assistant
241,Korrie,Veryan,Female,107,1.66,Cuba,761816.28,Senior Quality Engineer
242,Blithe,Zaniolini,Female,69,1.93,Pakistan,60705.11,Developer I
243,Lucian,Tuson,Male,73,0.41,Czech Republic,362980.73,Environmental Specialist
244,Adria,Sellars,Female,95,0.56,China,629724.82,Assistant Professor
245,Giselle,McCutcheon,Female,118,2.04,Russia,877722.8,Data Coordinator
246,Patten,Calderhead,Male,6,1.62,Russia,318416.01,Geologist IV
247,Dede,Kleinfeld,Female,10,0.73,Canada,658619.97,Financial Advisor
248,Herbert,Narramore,Male,82,0.34,United States,639464.16,Librarian
249,Lindi,Herety,Female,7,2.01,China,48895.27,Senior Quality Engineer
250,Lula,O'Dwyer,Female,28,0.49,Netherlands,842021.86,Electrical Engineer
251,Berny,Hully,Female,34,0.48,Indonesia,418617.61,Recruiter
252,Emlyn,Pimblett,Female,80,2.02,Indonesia,653395.03,Assistant Media Planner
253,Addie,Juschke,Female,24,0.86,China,310982.37,Business Systems Development Analyst
254,Eugine,Finlan,Female,96,1.45,Japan,357268.93,Computer Systems Analyst III
255,Hermine,Claw,Female,14,0.74,Zambia,222334.27,Systems Administrator III
256,Dilly,MacSkeagan,Male,42,0.96,Comoros,838851.31,Biostatistician IV
257,Melli,Manlow,Female,60,1.18,Czech Republic,540848.01,Mechanical Systems Engineer
258,Alyssa,Awde,Female,39,0.36,Japan,432294.69,Account Representative IV
259,Abelard,Kellaway,Male,11,0.23,Indonesia,560995.31,Product Engineer
260,Jeri,Grissett,Female,16,1.8,Spain,646167.57,Account Executive
261,Homerus,Gold,Male,2,1.01,Mongolia,325924.5,Senior Editor
262,Jerrie,Pawlata,Male,20,0.13,Indonesia,999282.16,GIS Technical Architect
263,Ev,Woolfoot,Male,27,1.56,United States,116129.26,Electrical Engineer
264,Moise,Browning,Male,14,0.19,China,41425.05,Librarian
265,Lucie,Ailmer,Female,111,1.82,Belgium,229416.54,Budget/Accounting Analyst II
266,Woodie,Imlen,Male,2,1.41,Brazil,663540.1,Programmer III
267,Stacey,Donnachie,Female,93,1.58,France,520191.15,Senior Cost Accountant
268,Joyan,Frandsen,Female,50,0.08,Pakistan,365446.18,Product Engineer
269,Carissa,Waliszek,Female,12,0.91,Thailand,291346.99,Assistant Professor
270,Bil,Learmonth,Male,99,0.25,Ireland,11490.83,Senior Cost Accountant
271,Laure,Lempel,Female,51,1.91,Brazil,636772.71,Sales Associate
272,Nance,Garfoot,Female,78,0.89,Philippines,142144.97,Recruiting Manager
273,Viola,Illston,Female,22,0.29,Portugal,284300.86,Mechanical Systems Engineer
274,Torrey,Monroe,Male,14,2.11,China,653217.75,Software Consultant
275,Jazmin,Kraut,Female,91,0.78,Portugal,996641.39,Software Consultant
276,Jeanelle,Zanelli,Female,45,0.2,Portugal,447784.18,Office Assistant III
277,Leta,Roskelley,Female,65,1.37,Sweden,124395.11,Nuclear Power Engineer
278,Flor,Read,Female,65,1.8,United States,662882.57,Accounting Assistant III
279,Ibbie,Pauleau,Female,100,0.75,Philippines,478676.59,Systems Administrator I
280,Clayborn,Gurnett,Male,21,0.83,China,269110.95,Occupational Therapist
281,Danie,Maccaddie,Male,94,1.38,Indonesia,480329.41,Accounting Assistant II
282,Noland,Hallatt,Male,68,0.32,China,931382.79,VP Accounting
283,Marni,Swannack,Female,5,1.46,Poland,466795.36,Accountant IV
284,Winston,O'Lunny,Male,77,1.16,China,536795.84,Analyst Programmer
285,Vincent,Woolvin,Male,81,1.45,Ukraine,369653.65,Data Coordinator
286,Beatrisa,Zanre,Female,99,2.13,Venezuela,875414.37,Teacher
287,Jecho,Alebrooke,Male,96,0.41,Philippines,541709.45,Assistant Professor
288,Noby,Rylands,Male,96,1.77,Russia,683643.25,Assistant Media Planner
289,Abbey,Furby,Female,27,2.16,Ivory Coast,179125.64,Media Manager II
290,Korrie,Sreenan,Female,5,0.86,China,715064.54,Dental Hygienist
291,Axe,Leall,Male,36,1.12,Portugal,77957.53,Developer III
292,Estele,Dark,Female,32,1.54,Poland,71404.28,Data Coordinator
293,Jonas,Kosiada,Male,113,0.47,Denmark,35667.05,Associate Professor
294,Ira,Jenteau,Male,98,1.85,Thailand,349022.0,GIS Technical Architect
295,Margery,Dikle,Female,82,0.8,South Korea,494930.59,Budget/Accounting Analyst II
296,Lesley,Curnnokk,Male,93,1.7,Thailand,350776.41,Web Designer II
297,Berny,Gunderson,Female,103,1.95,Indonesia,157632.72,Actuary
298,Elly,Errowe,Female,16,1.14,Czech Republic,437570.18,Accountant IV
299,Rea,Samsonsen,Female,2,1.8,China,68009.75,Financial Advisor
300,Ikey,Cossell,Male,57,0.59,Russia,627673.03,Registered Nurse
301,Tomi,Rougier,Female,8,0.43,China,669166.19,Social Worker
302,Ruttger,Mewett,Male,15,1.17,Kazakhstan,739407.14,Geologist II
303,Merrill,Sarah,Male,86,2.09,Philippines,678271.11,Chemical Engineer
304,Larry,Heild,Male,57,1.02,Mali,459856.86,Project Manager
305,Sullivan,Ivanovic,Male,1,1.36,South Korea,519702.84,Senior Editor
306,Brady,Press,Male,48,1.9,Russia,597680.58,Software Engineer IV
307,Rhiamon,Odger,Female,86,0.79,Ireland,840394.32,Environmental Tech
308,Eve,McIlvenna,Female,41,0.94,Mongolia,860027.96,Programmer Analyst IV
309,Amalea,Castillou,Female,42,1.94,China,826091.92,Human Resources Assistant III
310,Maia,Gameson,Female,120,1.52,Benin,524294.0,Environmental Specialist
311,Jerome,Rosenfrucht,Male,96,1.52,Dominica,727810.34,Information Systems Manager
312,Karry,Ough,Female,67,1.37,China,803293.37,Human Resources Manager
313,Nelia,Leynagh,Female,39,0.43,Ukraine,954527.3,Data Coordinator
314,Llywellyn,Saltwell,Male,75,1.7,Lithuania,69222.32,Compensation Analyst
315,Fergus,Grandisson,Male,116,0.19,Germany,535157.77,Recruiting Manager
316,Rochelle,Regler,Female,86,1.99,Russia,643616.82,Biostatistician III
317,Aeriell,Wife,Female,54,0.85,Colombia,843675.04,Account Representative II
318,Hart,Dobbinson,Male,57,1.6,Portugal,327420.29,Community Outreach Specialist
319,Kristoffer,Barwack,Male,119,1.81,Czech Republic,5068.08,Senior Editor
320,Nedi,Elmer,Female,40,1.88,Sweden,717654.68,Analog Circuit Design manager
321,Chauncey,Kubecka,Male,63,0.33,Indonesia,256957.41,Paralegal
322,Tonya,Halpin,Female,88,0.5,China,124291.88,Recruiter
323,Reggie,Jedrzaszkiewicz,Male,41,0.01,Indonesia,635868.67,VP Accounting
324,Gabriele,Jiroutka,Male,76,1.67,Poland,752053.46,Senior Editor
325,Felita,Reubbens,Female,83,0.55,South Africa,401586.73,Account Executive
326,Colleen,Carter,Female,103,0.79,France,148391.45,Marketing Manager
327,Kristin,Mc Gee,Female,91,0.24,Philippines,221320.47,Clinical Specialist
328,Vernen,Labes,Male,114,1.84,Honduras,542755.05,Nuclear Power Engineer
329,Eamon,Sheerman,Male,45,1.66,United States,74523.5,Nuclear Power Engineer
330,Buddy,De La Coste,Male,93,1.66,Russia,65174.16,Dental Hygienist
331,Flint,Pipet,Male,1,0.28,Russia,355689.89,Legal Assistant
332,Ardelia,Dewer,Female,72,1.84,Poland,104685.28,Geological Engineer
333,Thorin,Jerdon,Male,41,0.16,Indonesia,268222.19,Project Manager
334,Christoforo,Baughen,Male,2,1.59,Poland,364559.37,Dental Hygienist
335,Caroljean,Margrett,Female,13,1.89,Brazil,926047.1,Account Representative I
336,Tricia,Widdowes,Female,45,0.98,Poland,475493.69,Computer Systems Analyst I
337,Etan,Ackeroyd,Male,78,1.78,Guatemala,524529.94,Editor
338,Philip,Measen,Male,15,0.53,Ukraine,176239.53,Compensation Analyst
339,Jake,MacKenney,Male,60,2.03,Uruguay,554156.32,Structural Engineer
340,Edithe,St Clair,Female,119,1.28,Norway,380027.83,Web Designer III
341,Kamillah,Ricardot,Female,90,1.47,China,632845.09,General Manager
342,Robby,Rushmer,Female,94,0.66,China,668503.35,Social Worker
343,Lynelle,McIlrath,Female,115,0.88,Nigeria,827543.03,Desktop Support Technician
344,Stewart,Lanfer,Male,51,0.52,Brazil,219442.04,Account Representative II
345,Davidson,Speechley,Male,101,0.54,United States,318029.87,Analog Circuit Design manager
346,Horatio,Brugemann,Male,1,0.76,China,891760.42,Senior Developer
347,Lilyan,O'Quin,Female,1,0.39,Gabon,853903.0,VP Quality Control
348,Reynolds,Huske,Male,57,1.81,Ukraine,573873.42,Tax Accountant
349,Ronnie,Canniffe,Female,24,0.03,Poland,490354.52,Senior Sales Associate
350,Giraldo,Clarricoates,Male,52,0.09,Brazil,735359.99,Physical Therapy Assistant
351,Heddie,Fitt,Female,111,0.32,China,116728.63,Data Coordinator
352,Lemar,Ferraro,Male,62,1.56,China,948819.86,Senior Financial Analyst
353,Eric,Bailess,Male,83,0.41,Portugal,503561.68,Chief Design Engineer
354,Daune,Grigorey,Female,42,2.02,Mayotte,821736.35,Research Assistant II
355,Wally,Gary,Female,103,1.62,Portugal,206575.67,Analyst Programmer
356,Meg,Camilleri,Female,111,0.87,Guinea-Bissau,704650.34,Software Engineer I
357,Dorotea,Boig,Female,50,0.3,China,694121.0,Technical Writer
358,Ellette,Nalder,Female,15,0.14,Russia,599038.34,Account Executive
359,Franciskus,Matteoli,Male,80,1.6,Thailand,401039.4,Account Executive
360,Arvin,Griswood,Male,93,1.5,France,640690.26,Administrative Assistant I
361,Ailina,Ravenscroftt,Female,119,0.65,Vietnam,460146.88,Internal Auditor
362,Alon,Cossins,Male,115,0.75,Russia,846519.29,Web Developer II
363,Alla,Palphreyman,Female,74,2.13,Brazil,768319.17,Accounting Assistant I
364,Collie,Colcutt,Female,5,0.57,Philippines,477839.94,Project Manager
365,Gabrielle,Barrasse,Female,44,1.82,Canada,294715.91,Pharmacist
366,Sonny,Estcot,Male,61,0.98,China,399344.05,Design Engineer
367,Hope,Haws,Female,21,0.45,Serbia,15501.9,Electrical Engineer
368,Miquela,Liverseege,Female,106,1.09,China,690540.43,Account Executive
369,Garey,Aberdeen,Male,28,0.1,China,456720.52,Design Engineer
370,Farleigh,Kliesl,Male,73,0.05,Vietnam,564372.46,Human Resources Assistant II
371,Baron,MacAloren,Male,27,0.8,Philippines,505748.2,Account Coordinator
372,Diego,Seneschal,Male,78,1.18,China,694043.77,Structural Analysis Engineer
373,Alair,Mitchely,Male,92,1.67,Slovenia,939193.9,Automation Specialist III
374,Colver,Murton,Male,119,1.53,Uzbekistan,463343.72,Marketing Manager
375,Forbes,Wotherspoon,Male,72,0.81,Philippines,907319.07,Engineer I
376,Cristiano,Dungay,Male,91,0.81,Uzbekistan,151125.3,Senior Quality Engineer
377,Bennett,Parley,Male,34,1.95,United States,698851.13,Web Developer III
378,Catrina,Littleproud,Female,87,0.1,Philippines,557804.04,Help Desk Operator
379,Grady,Clausewitz,Male,2,0.6,China,676854.68,Desktop Support Technician
380,Curtis,Nuscha,Male,11,0.05,Greece,342858.36,Nurse
381,Isacco,Duprey,Male,118,0.72,Philippines,510343.64,Recruiter
382,Thomasin,Jehu,Female,31,1.87,United States,398909.84,Design Engineer
383,Willetta,Stolworthy,Female,42,1.3,Panama,416194.47,Assistant Manager
384,Tandy,Scotchbrook,Female,41,0.98,Palestinian Territory,809888.36,Technical Writer
385,Bentlee,Raggatt,Male,49,1.9,China,482105.41,Accounting Assistant II
386,Gannie,Westman,Male,70,0.5,Yemen,816688.24,Senior Cost Accountant
387,Ives,Ivanov,Male,46,0.06,Jordan,106608.02,Information Systems Manager
388,Craig,Deeth,Male,88,1.45,Poland,1614.19,Accounting Assistant II
389,Joice,Megarry,Female,57,0.34,Czech Republic,396085.51,Director of Sales
390,Clem,Humber,Female,97,0.24,China,253278.45,Senior Sales Associate
391,Domeniga,Streater,Female,95,0.96,South Korea,888512.38,Account Representative II
392,Willis,McInulty,Male,1,1.93,Brazil,819763.79,Account Representative I
393,Daffy,Pioli,Female,48,1.96,Portugal,130530.7,Senior Editor
394,Patric,Popple,Male,51,0.39,Yemen,212288.76,Paralegal
395,Mic,Giller,Male,95,1.76,Afghanistan,833069.48,Senior Financial Analyst
396,Shalna,Emlyn,Female,7,0.98,France,464306.96,Paralegal
397,Ware,Edwards,Male,31,0.27,Czech Republic,371676.92,VP Quality Control
398,Lauraine,Belf,Female,108,2.1,Sri Lanka,796664.19,Assistant Professor
399,Elmer,Duns,Male,46,0.34,Iran,485434.71,Compensation Analyst
400,Markos,MacCarter,Male,1,1.39,Palau,978868.32,Marketing Assistant
401,Patrizio,Griffitts,Male,19,1.28,Ukraine,217186.63,Analyst Programmer
402,Carie,Richel,Female,111,1.85,Indonesia,91443.86,Marketing Assistant
403,Pierce,Chong,Male,111,1.3,China,269149.81,Health Coach II
404,Hyacintha,McLugaish,Female,31,1.99,Brazil,251449.88,Programmer IV
405,Gardener,Mannooch,Male,104,1.88,Costa Rica,656394.45,Junior Executive
406,Filmer,Holcroft,Male,21,0.28,Philippines,753814.19,Accounting Assistant III
407,Paule,Addington,Female,98,1.24,Philippines,32721.78,GIS Technical Architect
408,Aggy,Groven,Female,12,1.97,United Kingdom,742364.97,Senior Developer
409,Colan,MacCorkell,Male,60,0.72,Philippines,484506.18,Programmer IV
410,Kimmie,Philipsen,Female,41,2.1,Afghanistan,134935.46,Systems Administrator IV
411,Ruprecht,Cuffley,Male,20,0.33,China,983887.26,Data Coordinator
412,Toiboid,Tofanini,Male,39,1.67,Philippines,537023.03,Research Associate
413,Godwin,Sebert,Male,113,0.56,China,348215.84,Junior Executive
414,Karney,Pendre,Male,49,0.78,Ethiopia,268544.6,Business Systems Development Analyst
415,Jerrold,Foot,Male,49,1.85,Portugal,988854.42,Marketing Assistant
416,Heywood,Scutchings,Male,111,1.81,Portugal,121477.57,Physical Therapy Assistant
417,Meir,Gladebeck,Male,113,1.7,Japan,602836.26,General Manager
418,Jimmie,Etheridge,Male,15,0.96,Zimbabwe,186138.14,Sales Associate
419,Mariam,Wrigley,Female,94,1.89,Poland,318065.54,Graphic Designer
420,Donetta,Inchley,Female,26,1.14,China,498401.49,Human Resources Manager
421,Sharleen,Kampshell,Female,70,1.83,Chile,235081.15,Pharmacist
422,Margalo,MacIlriach,Female,14,1.49,China,410547.91,Software Test Engineer III
423,Jerrie,Gunningham,Female,13,1.24,Indonesia,717746.35,VP Quality Control
424,Saudra,Casetti,Female,41,0.43,Philippines,622662.28,Clinical Specialist
425,Hayes,Domniney,Male,110,1.21,China,137230.14,Payment Adjustment Coordinator
426,Prissie,Chivrall,Female,78,2.0,Sweden,286690.92,Nuclear Power Engineer
427,Florance,Prinne,Female,42,1.18,China,258884.28,Account Representative IV
428,Olenka,Brettel,Female,53,0.1,Indonesia,13558.03,Marketing Assistant
429,Worthy,Toovey,Male,83,1.77,Bosnia and Herzegovina,357028.07,Dental Hygienist
430,Aleta,Manneville,Female,86,1.65,Russia,249272.4,Community Outreach Specialist
431,Jud,Strippling,Male,76,0.05,Indonesia,264483.75,Media Manager I
432,Guss,Van Brug,Male,41,1.7,Indonesia,481140.92,Senior Financial Analyst
433,Mickie,Murcutt,Male,11,0.51,Bahrain,650894.34,Occupational Therapist
434,Titos,Chastenet,Male,67,2.09,China,503316.02,Marketing Assistant
435,Normand,Macon,Male,25,2.2,Indonesia,32698.75,Director of Sales
436,Karlis,Heggie,Male,15,0.0,Indonesia,436840.82,Nurse Practicioner
437,Griswold,Romagnosi,Male,52,1.87,Peru,746355.21,Project Manager
438,Sharlene,Roomes,Female,70,1.05,China,426947.83,Geologist II
439,Kira,De Ambrosi,Female,77,1.91,China,866355.9,Biostatistician II
440,Edie,Dot,Female,77,0.3,Denmark,539556.63,Chief Design Engineer
441,Gilbertina,Harrower,Female,56,0.89,Taiwan,815113.79,Developer III
442,Alison,Bram,Female,65,1.74,Israel,171527.58,Community Outreach Specialist
443,Aharon,Jakubovsky,Male,118,0.06,Colombia,283715.54,Research Associate
444,Waldon,Applin,Male,17,0.1,China,233391.8,Mechanical Systems Engineer
445,Bev,Callard,Male,83,0.44,Indonesia,293286.2,Occupational Therapist
446,Millicent,Creer,Female,25,1.56,China,16573.31,Developer I
447,Krispin,Gange,Male,70,0.85,Egypt,823635.67,Senior Editor
448,Verge,Dykins,Male,13,1.16,Thailand,831510.19,Geologist I
449,Kerrill,Philippeaux,Female,102,0.63,Italy,472673.53,Chemical Engineer
450,Emelina,Findlay,Female,73,0.62,Palestinian Territory,79168.84,Marketing Assistant
451,Jakob,Kidner,Male,53,1.81,Sierra Leone,713570.46,Office Assistant IV
452,Kerwin,Panther,Male,89,0.22,Ethiopia,913308.17,Geologist IV
453,Hermione,Twort,Female,85,0.09,Mongolia,570641.42,Technical Writer
454,Norton,Jzhakov,Male,38,1.4,China,62852.05,Registered Nurse
455,Zebadiah,Schrir,Male,2,0.17,Philippines,763472.67,Software Consultant
456,Petrina,Laugheran,Female,23,1.3,China,889003.65,Web Developer I
457,Henrik,Breeton,Male,114,0.39,Indonesia,45192.66,Systems Administrator II
458,Fleur,Lisle,Female,94,0.32,China,881907.19,Recruiter
459,Sarina,Diament,Female,42,0.21,Central African Republic,14039.75,Programmer IV
460,Corny,Brunning,Male,78,0.66,Indonesia,635290.83,Assistant Manager
461,Jasun,Khidr,Male,70,0.84,Armenia,740718.89,Account Executive
462,Normy,Liversley,Male,25,0.02,Japan,683043.13,Developer I
463,Darline,Learned,Female,68,1.34,China,639943.0,Librarian
464,Minerva,Meacher,Female,42,0.61,China,231398.14,Account Representative IV
465,Tiphany,Barbosa,Female,52,0.58,China,232663.2,Web Designer I
466,Vonni,Drury,Female,16,1.49,South Africa,157219.62,Product Engineer
467,Hermon,Thurlow,Male,45,2.1,Uganda,850444.66,Sales Representative
468,Kennie,Shears,Male,39,1.65,Yemen,952816.97,Mechanical Systems Engineer
469,Flss,Wilkie,Female,55,0.31,China,696195.69,Desktop Support Technician
470,Livvie,Pachmann,Female,34,1.23,South Africa,501089.38,Safety Technician I
471,Harriot,Korneev,Female,83,1.28,Sweden,221480.42,VP Sales
472,Rancell,Golley,Male,66,1.85,China,755836.45,Nurse
473,Jerrie,Thewles,Male,32,0.57,Venezuela,237367.65,Help Desk Technician
474,Christiana,Cornil,Female,21,2.13,Serbia,211178.72,Web Developer II
475,Tomas,Andri,Male,44,0.47,China,166414.29,Editor
476,Salomi,Boydle,Female,65,2.09,Finland,729195.47,Human Resources Assistant III
477,Zachariah,Engelbrecht,Male,101,0.93,Poland,993791.21,Media Manager IV
478,Allina,Shiril,Female,106,1.93,Russia,203196.15,Programmer Analyst II
479,Erena,Gouldthorpe,Female,108,0.88,Portugal,153915.5,Assistant Media Planner
480,Zelda,Croson,Female,112,0.65,Dominica,427661.49,Account Representative III
481,Sara,Kiggel,Female,120,1.9,Philippines,962904.89,Analyst Programmer
482,Biddy,Andrioletti,Female,66,1.49,Panama,67704.76,Research Assistant I
483,Calida,Klasing,Female,117,0.28,Japan,451256.41,Nurse
484,Hillel,Fulton,Male,61,1.86,Croatia,346046.72,Assistant Media Planner
485,Saunders,Manser,Male,4,0.44,Indonesia,360918.0,Speech Pathologist
486,Ysabel,Gommowe,Female,60,1.93,China,119277.61,Junior Executive
487,Arney,Juggings,Male,9,0.05,China,110231.99,Account Coordinator
488,Marcia,Berthomier,Female,106,1.69,Indonesia,779526.05,Design Engineer
489,Christoper,Penvarden,Male,9,0.48,Guatemala,860063.17,Editor
490,Leodora,Georgeson,Female,64,1.56,China,463406.02,Legal Assistant
491,Erasmus,Paunsford,Male,75,0.71,Portugal,30123.33,Quality Control Specialist
492,Zelig,Brophy,Male,26,1.97,Philippines,265824.48,Cost Accountant
493,Udell,Timberlake,Male,4,1.64,Pakistan,804819.56,Speech Pathologist
494,Benedicto,Garett,Male,86,1.81,Brazil,438477.93,Budget/Accounting Analyst III
495,Diane-marie,Abbotts,Female,38,0.32,Czech Republic,384733.62,Physical Therapy Assistant
496,Isabelle,Ardley,Female,53,1.06,Indonesia,167299.37,Financial Advisor
497,Huntley,Piggott,Male,26,0.94,China,73990.94,Technical Writer
498,Dionisio,Gerriet,Male,7,0.02,Philippines,757556.98,Assistant Media Planner
499,Ethelind,Grass,Female,35,1.81,Nigeria,680609.65,Structural Analysis Engineer
500,Kerry,Edinburgh,Female,43,1.37,China,655665.82,VP Product Management
501,George,Horder,Female,21,1.7,Indonesia,203556.18,Account Executive
502,Nydia,Joesbury,Female,15,0.17,Japan,584164.77,Quality Control Specialist
503,Dick,Poundsford,Male,115,0.29,Portugal,672796.17,Research Associate
504,Sibel,Took,Female,108,0.82,China,202730.88,Desktop Support Technician
505,Paddie,Edwin,Male,102,0.3,Denmark,259829.7,Data Coordinator
506,Shawn,Jirka,Male,81,1.38,Czech Republic,722595.89,Junior Executive
507,Geoffry,Shuttleworth,Male,12,0.44,Philippines,545460.17,Professor
508,Phillipp,Spaven,Male,107,2.15,Philippines,284099.32,Account Coordinator
509,Kurt,Luther,Male,65,0.76,China,184908.4,Research Assistant II
510,Agnes,Pimlett,Female,16,1.63,Indonesia,754440.33,Civil Engineer
511,Jaimie,Tipper,Female,29,2.08,Indonesia,20721.81,Senior Financial Analyst
512,Veda,Rumens,Female,74,0.07,Indonesia,315087.44,Executive Secretary
513,Fey,Hancke,Female,99,0.86,Canada,410032.15,Nurse Practicioner
514,Toby,Frizell,Male,114,0.49,Indonesia,278870.93,Assistant Professor
515,Clareta,Boggon,Female,89,0.53,Argentina,53109.83,Staff Scientist
516,Hubie,Vonasek,Male,59,2.18,Portugal,979605.83,Professor
517,Hasheem,Bunkle,Male,20,1.12,Japan,189682.98,Senior Financial Analyst
518,Crichton,Claypoole,Male,18,0.15,Philippines,363871.84,Analog Circuit Design manager
519,Tabbatha,Kirmond,Female,45,1.43,Russia,581838.69,Structural Analysis Engineer
520,Bartie,Moff,Male,11,1.03,Bangladesh,540478.59,Budget/Accounting Analyst III
521,Mayne,Strutz,Male,6,2.0,Indonesia,525201.09,Account Coordinator
522,Calley,Chase,Female,96,1.03,Cyprus,435702.5,Recruiting Manager
523,Oswell,Gierhard,Male,16,0.75,Canada,610469.32,Analog Circuit Design manager
524,Jaimie,Doey,Female,72,0.51,Portugal,765152.35,Community Outreach Specialist
525,Rolland,Kornas,Male,50,1.04,Indonesia,224019.74,Registered Nurse
526,Matthiew,O'Gaven,Male,31,0.64,Thailand,770925.61,Human Resources Assistant IV
527,Saundra,Pitceathly,Male,105,1.47,Kyrgyzstan,143921.58,Payment Adjustment Coordinator
528,Ruthe,Carleton,Female,76,0.36,China,351162.05,Director of Sales
529,Isabel,Blodgetts,Female,110,1.27,Indonesia,239183.34,Technical Writer
530,Elinore,Drummer,Female,94,1.83,Sweden,424478.81,Analog Circuit Design manager
531,Bell,Bucknill,Female,34,0.7,Indonesia,830896.63,VP Accounting
532,Dora,Coverlyn,Female,10,0.67,China,3494.98,Computer Systems Analyst III
533,Regan,Pagan,Male,33,0.5,Nigeria,581786.01,Automation Specialist IV
534,Lura,Collier,Female,44,0.34,Ukraine,279114.19,Recruiting Manager
535,Ginny,Tresvina,Female,119,1.53,China,327154.68,Structural Engineer
536,Janith,Digan,Female,85,1.55,China,638090.55,Paralegal
537,Chere,Balsom,Female,67,1.13,Ukraine,859123.19,Environmental Specialist
538,Maridel,Brockwell,Female,117,1.08,United States,778886.65,Social Worker
539,Elmer,Faulks,Male,13,1.89,Indonesia,967385.98,Human Resources Assistant I
540,Ana,Grinyov,Female,91,0.44,Indonesia,644221.04,Web Designer III
541,Lorrie,Rolf,Female,94,0.79,Brazil,820721.01,Media Manager III
542,Keir,Andreix,Male,34,1.09,China,298921.38,Cost Accountant
543,Trude,Beste,Female,31,1.55,Japan,398942.62,Automation Specialist IV
544,Toni,Halvosen,Female,94,1.82,China,93721.35,Help Desk Operator
545,Hussein,Bloomfield,Male,115,1.19,China,378585.95,Human Resources Manager
546,Germana,Forrington,Female,95,0.6,Russia,379557.29,Automation Specialist III
547,Alie,Atack,Female,104,1.49,France,556137.26,Administrative Assistant II
548,Sadella,Real,Female,86,0.06,Netherlands,79881.07,Web Developer I
549,Nolie,Sterndale,Female,91,0.76,China,545672.73,Internal Auditor
550,Rae,Fidler,Female,56,0.07,Sweden,255096.17,Geologist II
551,Moritz,Bosley,Male,54,0.96,Mauritius,532725.69,Computer Systems Analyst III
552,Mab,Giorgeschi,Female,120,1.94,Portugal,315443.67,Programmer I
553,Deina,Kubach,Female,91,1.57,China,256359.92,Account Representative I
554,Regan,Highman,Female,117,1.4,Nicaragua,48918.82,Senior Editor
555,Antonietta,Noulton,Female,29,0.86,United States,529024.17,Assistant Media Planner
556,Beck,Dallinder,Male,83,1.68,Poland,647214.71,Financial Advisor
557,Svend,De Rechter,Male,67,0.16,Russia,478217.59,Administrative Assistant II
558,Isidro,Belk,Male,66,0.03,Russia,320304.19,Senior Financial Analyst
559,Boycey,Strotone,Male,73,1.41,France,247488.27,Staff Scientist
560,Paolina,Fauning,Female,67,1.58,Russia,190289.56,Information Systems Manager
561,Dominik,Aumerle,Male,91,0.54,Albania,923264.96,Information Systems Manager
562,Julianne,Temblett,Female,111,0.56,Kenya,160246.16,VP Sales
563,Georgiana,Ubee,Female,98,0.67,China,607960.59,Paralegal
564,Elston,Needham,Male,77,1.01,Indonesia,816477.5,Associate Professor
565,Ermin,Belliveau,Male,93,0.07,Portugal,141402.13,Systems Administrator I
566,Alric,Cowlard,Male,36,1.27,Indonesia,225838.3,Project Manager
567,Darrel,Raye,Male,92,0.13,China,263802.31,Tax Accountant
568,Agnella,Davers,Female,100,2.16,Russia,290660.81,Cost Accountant
569,Angie,Pinsent,Male,95,1.75,Morocco,449274.2,Human Resources Assistant III
570,Carey,Blesdill,Female,101,0.3,Azerbaijan,155843.67,Media Manager II
571,Adolph,McComish,Male,86,0.92,Sweden,496090.96,Office Assistant I
572,Vallie,Dennerley,Female,27,1.54,Philippines,6394.39,Research Nurse
573,Bennie,Swetmore,Male,65,1.4,China,896418.54,Cost Accountant
574,Betteanne,Bedder,Female,70,2.04,Bangladesh,708199.68,Environmental Tech
575,Niki,Resdale,Female,107,0.01,Ghana,634339.98,Research Assistant IV
576,Lauraine,Calcraft,Female,103,0.19,Japan,889443.65,Developer III
577,Helge,Bowkett,Female,31,0.95,Sweden,999612.68,Accountant I
578,Hayyim,Woolerton,Male,67,0.39,Japan,851483.82,Community Outreach Specialist
579,Edyth,Minogue,Female,80,0.07,United States,865522.94,Geologist IV
580,Jasper,Tunbridge,Male,118,0.11,Germany,697556.86,Associate Professor
581,Shelton,Bailie,Male,117,1.09,Dominican Republic,489668.33,Civil Engineer
582,Celia,Chiplen,Female,102,0.82,Philippines,662997.11,Developer III
583,Brade,Dungay,Male,13,0.44,Sweden,858336.19,Assistant Manager
584,Esther,Blakeway,Female,1,0.92,Namibia,919048.43,Executive Secretary
585,Thorvald,Allright,Male,25,1.6,Syria,769015.17,GIS Technical Architect
586,Robin,Jandourek,Male,40,0.52,China,10715.23,Recruiter
587,Kayle,Stonhewer,Female,23,2.12,Greece,199941.92,VP Accounting
588,Hamlen,Pershouse,Male,78,1.19,Portugal,806698.06,Financial Advisor
589,Nil,Osbidston,Male,6,0.67,Japan,369232.86,Technical Writer
590,Damien,Dormon,Male,2,1.18,Morocco,762598.17,Structural Analysis Engineer
591,Karrie,Perri,Female,86,1.98,Mongolia,568355.35,Tax Accountant
592,Rodrigo,Gowing,Male,48,0.54,Philippines,90698.01,Programmer Analyst I
593,Dolorita,Scandrick,Female,23,1.63,China,363159.76,Graphic Designer
594,Francisco,Casarili,Male,43,1.71,Costa Rica,533522.56,Cost Accountant
595,Wynn,Gaiford,Female,38,1.82,Indonesia,544565.52,Help Desk Technician
596,Salmon,Lowes,Male,3,0.33,United States,542468.77,General Manager
597,Elizabet,Ledbury,Female,56,1.17,Pakistan,514642.83,VP Quality Control
598,Reggy,Batey,Male,88,1.67,Guatemala,611489.93,Account Coordinator
599,Saudra,Redmell,Female,72,0.5,Ukraine,407041.82,Account Representative II
600,Morgen,Duckerin,Female,33,2.15,United States,882046.55,Nurse
601,Fayina,Dockrill,Female,39,1.93,China,224952.58,Media Manager I
602,Yolane,Cleynaert,Female,101,1.39,China,232993.98,Automation Specialist III
603,Coleman,Perrelle,Male,75,1.45,China,650123.83,Tax Accountant
604,Rodd,Ionn,Male,40,0.85,Cuba,853854.05,Assistant Media Planner
605,Cyrille,Peattie,Male,20,1.96,China,55478.82,Community Outreach Specialist
606,Adiana,MacNeely,Female,58,0.65,Indonesia,570830.31,Teacher
607,Mirella,Lukehurst,Female,79,0.75,China,332369.1,Structural Engineer
608,Batholomew,Caplen,Male,111,0.07,Cambodia,668987.38,Sales Associate
609,Carlen,Rouzet,Female,89,0.95,Poland,890281.87,Project Manager
610,Alysia,Saxby,Female,87,0.45,Bolivia,470155.74,Paralegal
611,Barthel,Filippi,Male,71,2.15,Brazil,329424.97,Legal Assistant
612,Stanley,Feast,Male,2,1.57,Indonesia,212321.77,Mechanical Systems Engineer
613,Darnall,Langmead,Male,39,1.39,Poland,826688.31,Assistant Professor
614,Pincas,Whannel,Male,117,1.69,Indonesia,44858.8,Safety Technician III
615,Kearney,Crapper,Male,46,1.13,Indonesia,87339.04,Analyst Programmer
616,Kasper,D'Oyley,Male,71,0.56,China,618443.37,Nurse Practicioner
617,Parke,Hauxby,Male,95,1.15,Colombia,776122.84,Engineer I
618,Rosemonde,Afonso,Female,71,0.81,China,888626.11,Payment Adjustment Coordinator
619,Vilma,Bumpass,Female,70,1.1,China,218073.7,Executive Secretary
620,Aldwin,Lamps,Male,81,1.16,Thailand,309675.06,Physical Therapy Assistant
621,Hyacinth,Farnall,Female,6,0.0,Brazil,834852.67,Staff Accountant II
622,Paula,McDonnell,Female,44,0.61,Greece,94922.81,Senior Developer
623,Eal,Mabee,Male,118,0.52,China,920966.52,Librarian
624,Wylie,Rosenstein,Male,51,1.96,Madagascar,155164.23,Operator
625,Peg,Hollidge,Female,5,0.73,United States,930510.83,Design Engineer
626,Erl,Vandenhoff,Male,111,1.67,Indonesia,912678.75,Speech Pathologist
627,Darcy,Dearden,Male,11,2.04,Colombia,59459.36,Marketing Assistant
628,Franklyn,Fleay,Male,43,1.58,Poland,337721.46,Clinical Specialist
629,Laurence,Munnery,Male,5,1.32,China,810827.48,VP Product Management
630,Corabella,Rudgerd,Female,25,2.17,Poland,789895.53,Physical Therapy Assistant
631,Tome,Skouling,Male,49,0.02,Benin,260176.17,Software Consultant
632,Deck,Bremner,Male,120,0.03,China,938736.5,General Manager
633,Thorin,Ffrench,Male,79,2.11,China,85425.0,Sales Representative
634,Angeli,Incogna,Male,96,1.63,Morocco,927444.65,Web Developer I
635,Paige,Eller,Female,42,1.96,China,74860.17,Business Systems Development Analyst
636,Lucien,Caughan,Male,23,0.8,Belarus,800278.95,Geologist I
637,Bjorn,Riddock,Male,117,1.93,Indonesia,181916.36,Senior Quality Engineer
638,Ellerey,Gage,Male,26,0.38,France,17815.08,Quality Control Specialist
639,Brendis,Sappell,Male,13,1.46,China,766995.03,Chief Design Engineer
640,Urban,Silbersak,Male,112,2.11,Indonesia,333410.42,Chemical Engineer
641,Frieda,Bernhardi,Female,59,0.58,Uzbekistan,770662.06,Engineer I
642,Jeffry,Hawford,Male,80,0.02,Poland,252436.19,Technical Writer
643,Peter,Vockings,Male,119,1.39,Brazil,878048.34,Assistant Manager
644,Julita,De Cruz,Female,45,1.18,France,972829.15,Statistician III
645,Bail,Holbarrow,Male,68,2.17,Peru,757377.85,Marketing Manager
646,Hercules,Tolworthy,Male,62,0.85,China,885972.94,Pharmacist
647,Rosalind,Summerside,Female,102,1.27,Poland,706433.97,Business Systems Development Analyst
648,Viviene,Harburtson,Female,78,1.77,United Kingdom,839171.43,Quality Engineer
649,Emalee,Longcaster,Female,7,1.95,Peru,937699.63,Marketing Manager
650,Amye,Ravenhill,Female,84,1.13,China,741927.59,Recruiter
651,Daisey,Bourcq,Female,21,0.5,United States,216571.77,Engineer I
652,Ewell,Hedau,Male,20,1.7,Vietnam,728414.78,Research Assistant I
653,Keriann,Bene,Female,19,0.09,China,26891.64,Nurse
654,Ingar,Pettitt,Male,15,0.12,Philippines,840789.78,Desktop Support Technician
655,Ewart,Scarlin,Male,103,0.92,Ireland,598516.89,Dental Hygienist
656,Lotti,Gerbel,Female,8,0.5,Sri Lanka,648929.04,Research Associate
657,Ennis,Brownlie,Male,55,1.88,Russia,168444.5,Nurse
658,Virgie,Gore,Female,15,1.15,Niger,827714.41,Electrical Engineer
659,Reina,De Bruin,Female,113,1.29,China,609530.04,Administrative Assistant I
660,Zelig,Gethyn,Male,23,0.02,Norway,671223.84,Human Resources Manager
661,Kayla,Lagneaux,Female,64,1.22,New Caledonia,28152.89,VP Quality Control
662,Holmes,Blakelock,Male,38,0.74,Kosovo,993399.89,Help Desk Operator
663,Merry,Goalby,Male,87,1.0,China,375160.29,VP Quality Control
664,Paul,Vevers,Male,30,0.64,Russia,68530.31,Environmental Tech
665,Misha,Sadgrove,Female,52,1.09,China,108257.24,Project Manager
666,Thea,Durman,Female,75,1.01,Syria,266019.68,Research Assistant II
667,Grove,Consadine,Male,53,1.46,Australia,764221.83,Engineer II
668,Jenifer,Gaynes,Female,43,1.83,Sweden,392601.63,Software Engineer I
669,Forrest,Eustis,Male,56,1.44,China,289290.28,Marketing Manager
670,Amby,Constantinou,Male,38,1.54,United States,656777.09,Editor
671,Adrianna,Baillie,Female,39,0.08,Greece,166153.63,Actuary
672,Chris,Hartopp,Female,14,0.45,Russia,930332.65,Senior Financial Analyst
673,Julee,Shepard,Female,12,1.06,Indonesia,694855.12,Senior Editor
674,Bree,Emerine,Female,54,1.77,Indonesia,951240.36,Nurse Practicioner
675,Bertrand,Esche,Male,20,2.04,Russia,922063.88,GIS Technical Architect
676,Pincus,Betjeman,Male,97,0.55,Indonesia,861350.3,Analog Circuit Design manager
677,Simmonds,Macklam,Male,90,0.91,Israel,282149.58,Senior Cost Accountant
678,Napoleon,Keohane,Male,37,0.53,Russia,122202.66,Community Outreach Specialist
679,Nikolas,Gehrts,Male,58,1.36,Peru,376460.4,Software Engineer III
680,Caz,Southorn,Male,98,1.46,Brazil,494450.87,Assistant Professor
681,Blair,Trudgian,Male,113,0.55,China,104325.44,Payment Adjustment Coordinator
682,Donny,Acaster,Male,59,0.86,Canada,579921.33,Human Resources Manager
683,Tab,Fiske,Male,45,2.08,Indonesia,323627.07,Information Systems Manager
684,Rudolf,Helks,Male,68,1.92,Peru,832527.01,Senior Developer
685,Yance,Schulter,Male,38,0.35,Mali,429016.55,Environmental Specialist
686,Mina,Shone,Female,38,0.6,Brazil,929508.59,Food Chemist
687,Maryann,Pregal,Female,39,1.12,France,533388.8,Dental Hygienist
688,Jasper,Winterflood,Male,55,1.66,China,489611.73,Occupational Therapist
689,Anson,Stormonth,Male,110,0.71,Philippines,422970.9,Web Designer III
690,Buck,Ellaman,Male,51,1.06,Peru,593687.61,VP Marketing
691,Juline,Keming,Female,83,1.81,Tunisia,935112.15,Analyst Programmer
692,Lora,Dimmick,Female,52,0.17,Russia,308990.91,Media Manager III
693,Maude,Rees,Female,42,0.11,China,810074.03,Assistant Manager
694,Eula,Mackneis,Female,81,0.38,Somalia,852087.96,Programmer III
695,Noland,Leverentz,Male,4,0.02,China,889891.96,Account Executive
696,Etti,Matfin,Female,88,1.74,Russia,350124.86,Civil Engineer
697,Doretta,Gregolin,Female,67,1.47,Bosnia and Herzegovina,651798.2,Assistant Professor
698,Hirsch,Ox,Male,87,0.92,China,489889.97,Assistant Manager
699,Fritz,Jouanny,Male,29,1.4,China,190713.82,Budget/Accounting Analyst IV
700,Sandro,Gales,Male,23,1.78,France,356033.74,Editor
701,Antons,Routhorn,Male,84,1.92,Russia,174142.7,Food Chemist
702,Svend,Windress,Male,14,1.95,Japan,512678.17,Professor
703,Deirdre,Kaser,Female,118,0.47,Ukraine,971516.59,Editor
704,Maxwell,Batey,Male,21,2.11,Russia,744781.44,Senior Cost Accountant
705,Marius,Syratt,Male,81,0.98,China,161181.5,Information Systems Manager
706,Latashia,Waghorn,Female,79,1.56,Comoros,463283.09,Occupational Therapist
707,Guillemette,Currall,Female,56,0.32,Macedonia,793659.71,Analyst Programmer
708,Tobin,Vellender,Male,53,1.0,Indonesia,705063.48,Internal Auditor
709,Burke,Tanzer,Male,79,0.3,Russia,563077.37,Geological Engineer
710,Frazier,Kolodziej,Male,5,1.63,Pakistan,130513.61,Chief Design Engineer
711,Bria,Huller,Female,106,2.13,Indonesia,710020.69,Financial Analyst
712,Katharine,Westcott,Female,101,0.29,China,695138.21,GIS Technical Architect
713,Karly,Pedroli,Female,6,1.63,Japan,17739.26,Nurse
714,Darya,Tomczykiewicz,Female,54,0.86,Ireland,380040.78,Chief Design Engineer
715,Gelya,Acres,Female,46,0.13,Peru,465292.6,Design Engineer
716,Troy,Widd,Male,85,2.1,Philippines,712372.14,Recruiter
717,Lukas,Harkness,Male,47,0.64,Guatemala,518080.8,Recruiter
718,Helenka,Mea,Female,71,0.18,United States,569374.96,Food Chemist
719,Sheri,Blissett,Female,110,0.95,Indonesia,902511.34,Statistician III
720,Law,Imm,Male,84,1.12,Ukraine,53254.5,Database Administrator IV
721,Petunia,Clohisey,Female,21,2.16,Greece,450959.67,Nurse
722,Noemi,Welburn,Female,111,1.64,Argentina,493632.59,Nuclear Power Engineer
723,Terencio,Lyne,Male,13,1.71,Indonesia,228856.29,General Manager
724,Winslow,Walby,Male,6,1.71,China,608761.98,Occupational Therapist
725,Nester,Cogar,Male,105,1.51,Finland,222235.41,VP Quality Control
726,Thibaut,Adamovicz,Male,27,0.33,Malaysia,59680.13,Junior Executive
727,Georges,Shimmings,Male,95,1.58,Philippines,234178.48,Software Test Engineer IV
728,John,Apple,Male,46,1.31,Croatia,844573.82,Quality Control Specialist
729,Kristan,Garlic,Female,19,1.74,Indonesia,610417.64,Senior Sales Associate
730,Ermina,Dulake,Female,34,0.86,Brazil,844940.36,Registered Nurse
731,Rudie,MacRonald,Male,95,0.91,Poland,751818.23,Computer Systems Analyst I
732,Mabelle,Sillito,Female,23,1.4,Russia,483411.96,Project Manager
733,Zorine,Grist,Female,19,1.68,Finland,600212.8,Web Developer I
734,Ivonne,Reye,Female,94,1.1,Poland,917467.52,Community Outreach Specialist
735,Llywellyn,Richten,Male,56,0.23,Canada,618812.32,Account Executive
736,Tailor,Bernard,Male,27,1.54,Indonesia,364698.53,VP Product Management
737,Emmy,Timmins,Female,54,1.76,Afghanistan,2709.58,VP Product Management
738,Giorgia,Whithalgh,Female,92,0.04,Peru,564885.65,Dental Hygienist
739,Pansie,Cortin,Female,38,0.86,Morocco,665375.6,Software Test Engineer II
740,Arv,Davies,Male,103,0.92,United States,302079.9,Budget/Accounting Analyst II
741,Fields,Showt,Male,68,0.81,Norway,875618.29,Help Desk Technician
742,Eliza,Piper,Female,7,0.91,Russia,491700.78,Web Designer III
743,Cordie,Landsbury,Male,11,2.06,Sierra Leone,676303.73,Developer II
744,Corbet,Elcoux,Male,13,0.08,China,883158.67,Quality Control Specialist
745,Adan,Robbs,Male,23,1.97,Iran,697696.57,Chemical Engineer
746,Gabbie,Alejandre,Male,13,0.81,South Korea,49329.05,Database Administrator IV
747,Arabele,Shmyr,Female,79,0.08,Indonesia,724445.26,Analyst Programmer
748,Mannie,O'Dougherty,Male,9,1.52,Nigeria,800154.65,Software Consultant
749,Hollyanne,McEnery,Female,47,1.3,Afghanistan,18227.26,Electrical Engineer
750,Tove,Doneld,Female,120,0.26,China,848028.48,Senior Developer
751,Gayel,Exer,Female,119,0.0,France,970251.35,Desktop Support Technician
752,Bobbette,Brevetor,Female,111,1.53,Poland,623793.93,Pharmacist
753,Kalie,Aindrais,Female,60,0.8,Palestinian Territory,307691.25,Senior Developer
754,Buiron,McClory,Male,66,1.53,Philippines,807873.77,Web Designer IV
755,Madelaine,Short,Female,79,1.87,Indonesia,150842.45,Financial Analyst
756,Camila,Collyear,Female,60,1.05,Peru,18613.91,Software Test Engineer I
757,Brit,Tichelaar,Male,26,1.21,Iran,933556.96,Paralegal
758,Warden,Geekin,Male,8,0.11,China,52288.6,Payment Adjustment Coordinator
759,Marius,McBay,Male,100,0.75,Vietnam,289463.23,Help Desk Operator
760,Corissa,Leathart,Female,31,0.76,South Africa,735009.71,Senior Cost Accountant
761,Urban,Gilpillan,Male,68,1.56,France,321704.82,Automation Specialist IV
762,Yoshi,Cammack,Female,53,1.84,Canada,817987.77,Senior Cost Accountant
763,Dominic,Blei,Male,46,1.53,United States,627303.4,Developer III
764,Kilian,Joincey,Male,15,0.78,Thailand,620449.59,Legal Assistant
765,Paige,Flaherty,Female,28,1.34,China,14977.87,Tax Accountant
766,Alexander,De Caroli,Male,35,0.82,China,17424.5,Structural Analysis Engineer
767,Barty,Braisted,Male,67,1.37,Thailand,412385.97,Geological Engineer
768,Burgess,Coatman,Male,91,0.04,Ivory Coast,223530.62,Developer I
769,Lurleen,Veel,Female,61,2.05,Philippines,855300.01,Civil Engineer
770,Abe,Jordin,Male,45,0.71,Brazil,381561.3,Internal Auditor
771,Darius,Bridgnell,Male,48,0.0,South Africa,669269.7,Editor
772,Rufus,Shark,Male,77,1.49,Indonesia,143057.57,Environmental Specialist
773,Mufinella,Danieli,Female,108,2.03,Indonesia,131009.98,Financial Advisor
774,Mikaela,Cherry Holme,Female,112,0.44,Indonesia,930334.67,Statistician III
775,Sandor,Blatcher,Male,59,0.96,China,191287.22,Senior Sales Associate
776,Darby,Partleton,Female,8,0.73,Philippines,225644.72,Business Systems Development Analyst
777,Colene,Assender,Female,23,0.15,Russia,386014.19,Design Engineer
778,Cord,Harly,Male,51,0.16,Japan,488981.73,Computer Systems Analyst II
779,Aland,Sayce,Male,70,1.21,Portugal,581243.0,Cost Accountant
780,Jeremiah,Mattis,Male,7,1.23,Brazil,213796.71,Analog Circuit Design manager
781,Tully,Berg,Male,44,1.4,China,165665.45,Web Developer III
782,Alfonso,Grime,Male,86,1.88,Canada,377747.8,Senior Cost Accountant
783,Kania,Betun,Female,9,1.2,Portugal,609614.57,Senior Quality Engineer
784,Cordie,Harbor,Male,107,0.76,Japan,29780.48,Quality Engineer
785,Aubree,Shenfisch,Female,13,0.35,Brazil,765000.27,Office Assistant III
786,Maddie,MacCracken,Male,32,1.14,China,166156.67,Pharmacist
787,Michale,Braunfeld,Male,66,2.1,Norway,357048.2,Cost Accountant
788,Valeda,Prettyjohns,Female,80,1.33,Lithuania,131873.32,Accountant I
789,Aharon,Harrow,Male,118,1.62,China,769083.51,Geologist IV
790,Agata,Jobson,Female,89,2.15,Colombia,313515.83,Safety Technician I
791,Aaron,Ellcock,Male,78,1.07,Malaysia,227911.56,Quality Engineer
792,Peta,Licciardello,Female,120,1.45,Argentina,134466.96,Senior Quality Engineer
793,Lorne,Pischel,Male,35,1.12,Ukraine,604226.78,Software Consultant
794,Fedora,De la Yglesia,Female,85,1.83,Canada,235591.87,Engineer IV
795,Dimitri,Croy,Male,64,0.02,Uzbekistan,682591.25,Paralegal
796,Lenee,Danter,Female,101,0.69,New Zealand,221417.88,Speech Pathologist
797,Luigi,Petrillo,Male,36,0.36,Japan,3919.29,Biostatistician II
798,Wait,Harbron,Male,71,0.08,China,86905.01,Operator
799,Jane,Grunnell,Female,46,2.14,China,468210.92,Product Engineer
800,Ranee,Dwire,Female,3,0.95,Russia,826724.8,Payment Adjustment Coordinator
801,Ravid,Winspare,Male,60,1.61,Azerbaijan,365383.08,Junior Executive
802,Raoul,Yockley,Male,47,1.27,Indonesia,868344.1,Dental Hygienist
803,Domenic,Kilmaster,Male,113,1.91,China,596236.45,Registered Nurse
804,Parsifal,Sowrey,Male,11,0.45,Croatia,851565.52,Programmer II
805,Heriberto,Collings,Male,92,1.7,Argentina,188465.08,Assistant Media Planner
806,Trey,Praundlin,Male,36,2.01,Ireland,170454.89,Data Coordinator
807,Hashim,Kopps,Male,32,0.6,Russia,987311.73,Geologist III
808,Gerome,Gogarty,Male,13,0.41,Finland,86362.73,Professor
809,Orelee,Gainsboro,Female,117,0.25,France,92511.85,Data Coordinator
810,Vikky,Nazaret,Female,4,0.14,France,871415.5,Director of Sales
811,Glennis,Dimitriev,Female,85,0.98,Japan,804415.55,Research Nurse
812,Pepito,Tennison,Male,27,0.81,China,744.91,Speech Pathologist
813,Noemi,Fouracres,Female,62,1.48,Belarus,174761.37,Structural Engineer
814,Jordana,Simonazzi,Female,108,2.05,China,216851.74,Recruiter
815,Angelique,Tadgell,Female,20,1.42,Tanzania,672281.02,Analog Circuit Design manager
816,Hilda,Bearcroft,Female,42,1.14,France,443144.96,Financial Analyst
817,Whitby,Holdforth,Male,84,1.09,China,12254.34,Programmer III
818,Dorey,Hourahan,Female,115,1.04,Thailand,458125.46,Structural Analysis Engineer
819,Ermin,Smallman,Male,116,0.56,China,329029.33,Developer II
820,Burk,Richardot,Male,10,0.26,Russia,641208.83,Information Systems Manager
821,Calv,Brickhill,Male,40,0.99,Greece,8192.89,Social Worker
822,Gisela,Suckling,Female,89,2.14,Yemen,775696.2,Editor
823,Corie,Iuorio,Female,54,2.17,China,13960.22,Internal Auditor
824,Brad,Lyal,Male,21,1.12,Azerbaijan,619209.92,Electrical Engineer
825,Fernando,Banstead,Male,67,1.92,China,33927.12,Help Desk Technician
826,Imogene,McCerery,Female,2,0.03,Guatemala,872375.98,Dental Hygienist
827,Ulysses,Flade,Male,42,0.51,Guatemala,764408.55,Paralegal
828,Tulley,Ockwell,Male,30,1.5,China,76958.09,Biostatistician III
829,Jermaine,Croom,Male,7,2.16,Indonesia,487108.52,Help Desk Technician
830,Pamelina,Matteucci,Female,12,0.57,Norway,803290.75,Legal Assistant
831,Augustina,Levicount,Female,51,0.76,Dominican Republic,823502.04,Design Engineer
832,Nowell,Valett,Male,47,0.71,China,304356.61,Administrative Officer
833,Corrine,Dahler,Female,46,0.48,Guatemala,377029.67,Help Desk Operator
834,Sasha,Tofano,Female,14,1.03,Indonesia,441453.67,Software Consultant
835,Malia,Arkow,Female,56,1.28,Italy,293562.02,VP Product Management
836,Roley,Prater,Male,45,0.65,United States,104800.07,Developer II
837,Zak,Bohlin,Male,52,0.18,Macedonia,555159.12,Geologist III
838,Ailee,Scrannage,Female,68,1.82,Peru,259275.49,Programmer Analyst I
839,Lisetta,Kanzler,Female,9,1.83,China,376059.39,Senior Editor
840,Amye,Salla,Female,66,0.76,Poland,674936.71,Legal Assistant
841,Merl,MacKonochie,Female,42,2.09,Guatemala,135043.62,Senior Sales Associate
842,Ibrahim,Noseworthy,Male,17,1.11,Indonesia,398817.98,Sales Associate
843,Chauncey,Risborough,Male,111,0.3,Indonesia,716849.23,Senior Editor
844,Waylen,Gilbride,Male,54,0.06,Saudi Arabia,412460.27,Teacher
845,Arleyne,Linning,Female,10,1.26,Japan,408201.34,Recruiting Manager
846,Teodoro,Kagan,Male,31,1.35,Ukraine,667939.19,Sales Associate
847,Jeni,Sleite,Female,83,0.55,Philippines,628439.08,Media Manager IV
848,Reggie,Marte,Female,91,1.61,Indonesia,930598.32,Database Administrator II
849,Tammi,Whitehurst,Female,81,0.05,Russia,710308.29,Research Assistant II
850,Claudette,Reyes,Female,113,0.29,Belarus,39750.01,Media Manager I
851,Truman,Chotty,Male,56,0.29,Indonesia,3069.83,Accountant IV
852,Dael,Jobling,Female,57,0.48,Brazil,820550.49,Database Administrator III
853,Mellicent,Huband,Female,47,1.13,Finland,194484.82,Editor
854,Karry,Sagar,Female,14,0.51,Malaysia,378696.0,Senior Quality Engineer
855,Chas,Grubb,Male,101,2.13,Poland,719558.48,Executive Secretary
856,Celine,Milbourne,Female,7,1.78,Iran,745220.07,Database Administrator I
857,Grace,Farndell,Male,90,1.0,Serbia,134253.89,Help Desk Operator
858,Marnia,Gamet,Female,106,1.07,Greece,751878.34,Nurse Practicioner
859,Kristal,Pengilly,Female,72,0.64,Philippines,847561.31,Speech Pathologist
860,Freddi,Izakovitz,Female,28,1.37,Indonesia,901539.97,Geological Engineer
861,Shepard,Plampin,Male,49,2.2,France,160137.92,Engineer II
862,Orion,Spraging,Male,74,0.69,China,350391.05,Automation Specialist I
863,Pepillo,Ruggier,Male,81,1.67,China,698215.93,Senior Editor
864,Tessy,Wrate,Female,119,1.0,Ireland,799234.57,Senior Quality Engineer
865,Katya,Smees,Female,116,0.77,Zambia,686728.23,Analog Circuit Design manager
866,Carroll,Hundal,Male,14,0.89,Sweden,262445.61,Operator
867,Bran,Sneesby,Male,68,0.31,China,686393.34,Assistant Media Planner
868,Herold,Prattin,Male,4,0.96,Faroe Islands,679954.91,Web Developer III
869,Osgood,Vaulkhard,Male,67,1.31,Sweden,666561.18,Automation Specialist IV
870,Jesse,Zumbusch,Male,119,1.93,Indonesia,521099.12,Administrative Officer
871,Galvin,Daenen,Male,51,2.02,Portugal,548042.49,Geologist II
872,Valaree,Trundle,Female,95,0.26,Mexico,808504.82,Accounting Assistant III
873,Bryon,Gusney,Male,63,0.06,United States,862643.22,Registered Nurse
874,Katey,Reinisch,Female,20,1.45,Philippines,2476.78,Developer II
875,Julian,Gunnell,Male,34,2.17,Indonesia,38398.36,Nurse
876,Estele,Plumley,Female,41,0.85,Albania,375625.28,Business Systems Development Analyst
877,Eberto,Nowakowski,Male,113,0.47,Sweden,409588.55,Data Coordinator
878,Lea,Tunnicliffe,Female,63,0.23,Poland,359860.49,Human Resources Assistant II
879,Ivor,Paraman,Male,36,1.97,Sweden,274219.23,VP Sales
880,Cookie,Dulake,Female,2,0.97,Mexico,486042.6,Dental Hygienist
881,Shauna,Peckett,Female,23,1.23,Afghanistan,870654.43,Social Worker
882,Celene,Eloy,Female,44,1.25,South Africa,631381.23,Occupational Therapist
883,Jana,Golborn,Female,19,0.52,Indonesia,422635.71,Payment Adjustment Coordinator
884,Guglielmo,Threadgould,Male,90,1.9,South Africa,501144.7,Account Executive
885,Celestia,Preto,Female,66,2.11,Argentina,289145.61,Health Coach I
886,Antin,Strank,Male,3,1.04,Brazil,219807.22,Programmer III
887,Bran,Witchell,Male,38,1.19,Portugal,116515.12,Environmental Specialist
888,Fern,Scrogges,Female,7,0.91,China,491172.37,Operator
889,Emmery,Clowser,Male,35,1.31,China,330122.52,Physical Therapy Assistant
890,Alanah,Chillistone,Female,111,1.14,North Korea,209504.66,Web Designer III
891,Merrilee,Farrand,Female,70,2.02,China,415382.74,Technical Writer
892,Theo,Hafner,Male,37,0.1,Norway,505434.44,Associate Professor
893,Anna-maria,Coniam,Female,16,1.66,China,256144.85,Environmental Tech
894,Callean,Pescud,Male,25,0.67,Bahamas,675880.04,Nurse Practicioner
895,Gabriela,Kienl,Female,36,0.83,Poland,558206.79,Operator
896,Yale,Vickress,Male,79,1.48,China,334108.88,Senior Developer
897,Wayne,Jurczak,Male,4,0.18,China,258705.36,Environmental Tech
898,Lyndsay,Steagall,Female,41,2.08,France,980887.62,Web Designer I
899,Drusilla,Blann,Female,14,1.29,Zambia,837543.23,GIS Technical Architect
900,Kerrin,Pavlik,Female,12,1.78,Brazil,517860.11,Senior Sales Associate
901,Heddie,Maltman,Female,78,0.06,Russia,655513.2,Physical Therapy Assistant
902,Torey,Dresser,Female,103,0.27,Brazil,452489.25,Statistician IV
903,Joyce,Tydd,Female,30,0.89,Indonesia,771477.13,Internal Auditor
904,Shanie,Gilhooley,Female,26,1.55,Burundi,502378.0,Executive Secretary
905,Nathan,Jorgesen,Male,80,0.35,Kazakhstan,307138.95,Accounting Assistant I
906,Gusella,Outram,Female,106,2.19,Indonesia,426885.93,Safety Technician III
907,Allistir,Jaegar,Male,17,2.07,Portugal,629957.94,Geological Engineer
908,Gerhardt,Umpleby,Male,59,0.1,China,980277.11,Account Coordinator
909,Richard,Reimer,Male,8,0.19,Cuba,631620.73,Staff Accountant I
910,Georgeta,Dellenbrok,Female,97,1.47,France,239361.84,Teacher
911,Brenna,Dikels,Female,56,1.83,Russia,656003.75,Statistician III
912,Corbin,Tordiffe,Male,113,0.23,China,965855.1,Graphic Designer
913,Leta,Ferraresi,Female,13,1.19,France,209872.74,Structural Engineer
914,Lyell,Heugel,Male,97,1.84,Bhutan,370841.24,Developer II
915,Inge,Diem,Female,5,1.95,Russia,553670.89,VP Product Management
916,Brit,Pashley,Female,3,1.64,Philippines,916318.86,Programmer Analyst III
917,Urbain,Fruser,Male,54,2.18,Vietnam,669154.19,Community Outreach Specialist
918,Murielle,Windmill,Female,14,0.45,Kosovo,868960.46,Senior Cost Accountant
919,Kacie,Raffan,Female,91,1.15,Thailand,795250.88,Speech Pathologist
920,Dew,Ossulton,Male,20,1.71,Indonesia,626389.31,Software Consultant
921,Eadie,Abbati,Female,70,1.38,Sweden,164241.2,Assistant Media Planner
922,Laure,Simka,Female,119,0.47,China,525631.21,Office Assistant III
923,Ezequiel,Speakman,Male,99,1.1,Ireland,385331.08,Senior Quality Engineer
924,Arlana,Jekel,Female,61,0.51,Indonesia,693948.85,Legal Assistant
925,Maura,Sandbrook,Female,24,0.24,Afghanistan,135143.85,Research Nurse
926,Currey,Pottle,Male,101,1.67,Cuba,364428.8,Technical Writer
927,Duncan,Harsnipe,Male,30,0.56,Myanmar,345789.53,Data Coordinator
928,Herc,Sterricks,Male,21,0.2,United States,199556.37,General Manager
929,Dorena,Biggerstaff,Female,77,1.11,Russia,233518.78,Internal Auditor
930,Rodolph,Sturman,Male,43,0.35,Czech Republic,693956.45,Compensation Analyst
931,Joe,Wavish,Male,39,0.09,Peru,430487.58,Senior Sales Associate
932,Myrta,Idill,Female,7,0.94,China,287016.42,Staff Scientist
933,Aksel,Gercke,Male,79,0.56,China,312346.76,Administrative Assistant III
934,Sammy,Walenta,Female,39,1.21,China,428317.87,VP Accounting
935,Linus,Lindenstrauss,Male,0,0.88,Russia,47106.22,Editor
936,Marcos,Malacrida,Male,89,2.02,Poland,766788.31,Accounting Assistant I
937,Zandra,Dallaway,Female,42,1.15,Czech Republic,597847.83,Product Engineer
938,Cordelia,Ledwith,Female,90,1.65,Canada,44541.54,Geologist II
939,Kaylyn,Howie,Female,100,1.43,Indonesia,776296.15,Nurse Practicioner
940,Wilie,Carl,Female,50,0.32,Portugal,594155.2,Registered Nurse
941,Brucie,Vinson,Male,56,0.22,Argentina,559071.25,Product Engineer
942,Caron,Oldam,Female,51,2.06,Philippines,728857.28,Systems Administrator III
943,Bianka,Wadmore,Female,25,0.3,Argentina,649014.96,Nuclear Power Engineer
944,Lacie,Chislett,Female,108,1.95,China,587153.69,Account Representative III
945,Etta,Francom,Female,14,1.84,Sierra Leone,695547.22,Civil Engineer
946,Luciano,Dallas,Male,18,1.72,Canada,647602.73,Business Systems Development Analyst
947,Kathi,Middas,Female,69,0.82,Brazil,48811.29,Information Systems Manager
948,Grantley,O'Hickee,Male,68,0.56,Japan,279914.48,Account Representative I
949,Jori,Darleston,Female,52,0.93,Burkina Faso,309937.55,GIS Technical Architect
950,Daron,Collington,Female,27,1.37,Indonesia,645616.15,Dental Hygienist
951,Cal,Braunter,Male,24,0.34,Sweden,819042.07,Geological Engineer
952,Zebedee,Drain,Male,1,1.13,Libya,693496.79,Research Associate
953,Raddie,Marder,Male,66,1.09,Poland,728250.64,Actuary
954,Ferrel,Van Dalen,Male,25,0.93,Indonesia,66640.13,Administrative Officer
955,Jeanelle,Shelper,Female,15,1.19,South Korea,354785.17,Engineer II
956,Koralle,Gothliff,Female,73,0.48,China,214079.21,Tax Accountant
957,Rafaelia,Lazare,Female,107,2.12,Chad,801957.87,Senior Quality Engineer
958,Sandye,Bresnahan,Female,55,0.84,China,995835.04,Software Consultant
959,Albert,Loudon,Male,98,0.49,Russia,572195.29,Nurse Practicioner
960,Mattie,Syme,Male,48,1.42,United States,359508.53,Graphic Designer
961,Jodie,Hallgath,Female,14,1.47,China,822132.75,GIS Technical Architect
962,Elvin,Yeoland,Male,83,0.83,Albania,581884.49,GIS Technical Architect
963,Alana,Blakeway,Female,76,0.25,Greece,646739.99,Structural Engineer
964,Fancie,Davidavidovics,Female,45,1.7,Indonesia,723198.83,Food Chemist
965,Tomkin,Bossel,Male,65,1.07,China,926173.64,Automation Specialist III
966,Tracee,Allworthy,Female,87,0.98,Philippines,173169.64,Food Chemist
967,Willdon,Livesley,Male,103,0.12,Jordan,979085.27,Human Resources Assistant II
968,Mala,Cruise,Female,39,1.71,Croatia,656751.03,Database Administrator IV
969,Latia,Bus,Female,108,1.24,Indonesia,186896.15,Software Consultant
970,Timothee,FitzGilbert,Male,39,1.53,South Korea,75485.61,Accounting Assistant II
971,Evita,Jeremiah,Female,119,0.22,Kosovo,995390.62,Actuary
972,Zach,Sheeres,Male,35,0.38,Uganda,832731.87,Technical Writer
973,Blake,Jiri,Male,65,1.09,Kiribati,65495.73,Chemical Engineer
974,Ruthie,Deabill,Female,87,0.51,Poland,201170.7,Teacher
975,Demetris,Ridd,Female,42,1.36,Ukraine,175569.73,Product Engineer
976,Alon,Ahlf,Male,25,1.71,China,626432.87,Budget/Accounting Analyst III
977,Selle,Leahy,Female,25,1.29,Russia,533673.49,Paralegal
978,Alric,Petrovsky,Male,114,0.3,Palestinian Territory,430751.9,Geological Engineer
979,Rani,Suddock,Female,31,0.79,Indonesia,377315.9,Structural Analysis Engineer
980,Ansell,Tonkin,Male,58,2.08,Poland,640221.45,Senior Quality Engineer
981,Teresina,Snelle,Female,14,1.34,China,371165.84,Health Coach III
982,Gil,Huscroft,Male,32,0.37,United States,721625.25,Internal Auditor
983,Tabor,MacBrearty,Male,76,0.91,Japan,210110.72,Paralegal
984,Constantina,Nussgen,Female,80,0.09,Russia,488007.21,Programmer I
985,Tobe,Vurley,Male,37,0.27,Indonesia,56578.4,Analog Circuit Design manager
986,Ainslie,Witherdon,Female,39,1.62,Latvia,701740.47,Physical Therapy Assistant
987,Lynda,Younger,Female,100,0.79,Czech Republic,169175.56,Civil Engineer
988,Deborah,Lambertz,Female,101,0.23,Greece,773837.49,Recruiting Manager
989,Martin,Mothersole,Male,104,0.86,Nicaragua,163527.89,VP Sales
990,Lester,Cuardall,Male,76,1.24,China,952596.03,Senior Developer
991,Thatcher,Gouge,Male,111,0.14,Poland,464916.4,Senior Financial Analyst
992,Sibby,Tocque,Female,31,0.43,Philippines,730830.78,Statistician II
993,Caz,Ivantsov,Male,104,0.42,Sweden,913626.45,Recruiter
994,Dorian,Courtin,Female,7,0.29,Russia,954848.36,Project Manager
995,Raychel,Allsobrook,Female,88,1.16,Portugal,619341.28,Food Chemist
996,Gearalt,O'Hagan,Male,88,2.07,Vietnam,299494.37,Mechanical Systems Engineer
997,Derick,Zanussii,Male,70,0.08,China,250944.71,Financial Advisor
998,Leonie,Dumsday,Female,31,1.36,China,377651.51,Staff Accountant III
999,Matilde,Brogi,Female,109,1.04,Brazil,304332.82,Research Nurse
1000,Mavra,Witt,Female,28,1.28,China,312893.4,Junior Executive
