miasto,tryb
Warszawa,zdalna
Warszawa,zdalna
Warszawa,zdalna
Warszawa,zdalna
Warszawa,zdalna
Warszawa,zdalna
Warszawa,zdalna
Warszawa,zdalna
Warszawa,zdalna
Warszawa,zdalna
Warszawa,zdalna
Warszawa,zdalna
Warszawa,hybrydowa
Warszawa,hybrydowa
Warszawa,hybrydowa
Warszawa,hybrydowa
Warszawa,hybrydowa
Warszawa,stacjonarna
Warszawa,stacjonarna
Warszawa,stacjonarna
Kraków,hybrydowa
Kraków,hybrydowa
Kraków,hybrydowa
Kraków,hybrydowa
Kraków,hybrydowa
Kraków,hybrydowa
Kraków,hybrydowa
Kraków,hybrydowa
Kraków,hybrydowa
Kraków,hybrydowa
Kraków,zdalna
Kraków,zdalna
Kraków,zdalna
Kraków,zdalna
Kraków,stacjonarna
Kraków,stacjonarna
Kraków,stacjonarna
Kraków,stacjonarna
Kraków,stacjonarna
Kraków,stacjonarna
Gdańsk,stacjonarna
Gdańsk,stacjonarna
Gdańsk,stacjonarna
Gdańsk,stacjonarna
Gdańsk,stacjonarna
Gdańsk,stacjonarna
Gdańsk,stacjonarna
Gdańsk,stacjonarna
Gdańsk,stacjonarna
Gdańsk,stacjonarna
Gdańsk,hybrydowa
Gdańsk,hybrydowa
Gdańsk,hybrydowa
Gdańsk,hybrydowa
Gdańsk,hybrydowa
Gdańsk,hybrydowa
Gdańsk,zdalna
Gdańsk,zdalna
Gdańsk,zdalna
Gdańsk,zdalna
